[{"pk": 1, "model": "prototype.facility", "fields": {"name": "UW Medical Center", "dhis2_pk": "1", "description": "By the UW"}}, {"pk": 2, "model": "prototype.facility", "fields": {"name": "Hall Health", "dhis2_pk": "2", "description": "On the UW campus"}}, {"pk": 3, "model": "prototype.facility", "fields": {"name": "Swedish Medical Center", "dhis2_pk": "3", "description": "In Ballard"}}, {"pk": 1, "model": "prototype.phoneuser", "fields": {"facility": null, "number": "0000000", "name": ""}}, {"pk": 2, "model": "prototype.phoneuser", "fields": {"facility": null, "number": "11111111", "name": ""}}, {"pk": 3, "model": "prototype.phoneuser", "fields": {"facility": 3, "number": "22222222", "name": "Jane Smith"}}, {"pk": 4, "model": "prototype.phoneuser", "fields": {"facility": 1, "number": "44444444", "name": "Ringo Starr"}}, {"pk": 1, "model": "prototype.message", "fields": {"date": "2014-04-15T06:35:39.119Z", "number": "0000000", "contents": "This is a spam message", "user": 1}}, {"pk": 2, "model": "prototype.message", "fields": {"date": "2014-04-15T06:38:32.981Z", "number": "11111111", "contents": "su a 10 b 12 c 44", "user": 2}}, {"pk": 3, "model": "prototype.message", "fields": {"date": "2014-04-15T06:48:18.364Z", "number": "11111111", "contents": "f 1 n Jackson Roberts", "user": 2}}, {"pk": 4, "model": "prototype.message", "fields": {"date": "2014-04-15T06:51:12.927Z", "number": "22222222", "contents": "su a 10 b 20", "user": 3}}, {"pk": 5, "model": "prototype.message", "fields": {"date": "2014-04-15T06:54:13.671Z", "number": "22222222", "contents": "su a 14", "user": 3}}, {"pk": 6, "model": "prototype.message", "fields": {"date": "2014-04-15T06:57:23.970Z", "number": "44444444", "contents": "n Ringo Starr", "user": 4}}, {"pk": 7, "model": "prototype.message", "fields": {"date": "2014-04-15T06:58:32.923Z", "number": "44444444", "contents": "f 1", "user": 4}}, {"pk": 1, "model": "prototype.messageaction", "fields": {"action": "MALFORMED", "date": "2014-04-15T06:37:33.657Z", "message": 1, "description": "Could not parse message", "moderation_state": "NONE"}}, {"pk": 2, "model": "prototype.messageaction", "fields": {"action": "SMS_RESPONSE", "date": "2014-04-15T06:37:33.657Z", "message": 1, "description": "Message was not parsed. Please try again.", "moderation_state": "NONE"}}, {"pk": 3, "model": "prototype.messageaction", "fields": {"action": "SMS_RESPONSE", "date": "2014-04-15T06:37:33.657Z", "message": 1, "description": "Please update your name and facility.", "moderation_state": "NONE"}}, {"pk": 4, "model": "prototype.messageaction", "fields": {"action": "DHIS2_UPDATE", "date": "2014-04-15T06:39:42.880Z", "message": 2, "description": "User's facility must be updated before update can be made.", "moderation_state": "PENDING"}}, {"pk": 5, "model": "prototype.messageaction", "fields": {"action": "SMS_RESPONSE", "date": "2014-04-15T06:39:42.880Z", "message": 2, "description": "Please update your name and facility.", "moderation_state": "NONE"}}, {"pk": 6, "model": "prototype.messageaction", "fields": {"action": "USER_UPDATE", "date": "2014-04-15T06:49:05.366Z", "message": 3, "description": "Update name to 'Jackson Roberts' and facility to 'UW Medical Center'.", "moderation_state": "PENDING"}}, {"pk": 7, "model": "prototype.messageaction", "fields": {"action": "DHIS2_UPDATE", "date": "2014-04-15T06:51:34.995Z", "message": 4, "description": "Stock levels updated", "moderation_state": "APPROVED"}}, {"pk": 8, "model": "prototype.messageaction", "fields": {"action": "DHIS2_UPDATE", "date": "2014-04-15T06:54:28.627Z", "message": 5, "description": "Duplicate update detected", "moderation_state": "PENDING"}}, {"pk": 9, "model": "prototype.messageaction", "fields": {"action": "USER_UPDATE", "date": "2014-04-15T06:57:38.306Z", "message": 6, "description": "Update name to 'Ringo Starr'.", "moderation_state": "APPROVED"}}, {"pk": 10, "model": "prototype.messageaction", "fields": {"action": "USER_UPDATE", "date": "2014-04-15T06:58:48.441Z", "message": 7, "description": "Update facility to 'Hall Health'.", "moderation_state": "PENDING"}}, {"pk": 1, "model": "reversion.revision", "fields": {"comment": "Initial version.", "date_created": "2014-04-15T06:33:45.045Z", "manager_slug": "default", "user": 1}}, {"pk": 2, "model": "reversion.revision", "fields": {"comment": "Initial version.", "date_created": "2014-04-15T06:34:03.055Z", "manager_slug": "default", "user": 1}}, {"pk": 3, "model": "reversion.revision", "fields": {"comment": "Initial version.", "date_created": "2014-04-15T06:34:40.478Z", "manager_slug": "default", "user": 1}}, {"pk": 4, "model": "reversion.revision", "fields": {"comment": "Initial version.", "date_created": "2014-04-15T06:35:33.892Z", "manager_slug": "default", "user": 1}}, {"pk": 5, "model": "reversion.revision", "fields": {"comment": "Initial version.", "date_created": "2014-04-15T06:38:31.708Z", "manager_slug": "default", "user": 1}}, {"pk": 6, "model": "reversion.revision", "fields": {"comment": "Initial version.", "date_created": "2014-04-15T06:51:01.144Z", "manager_slug": "default", "user": 1}}, {"pk": 7, "model": "reversion.revision", "fields": {"comment": "Initial version.", "date_created": "2014-04-15T06:57:02.908Z", "manager_slug": "default", "user": 1}}, {"pk": 8, "model": "reversion.revision", "fields": {"comment": "Changed name.", "date_created": "2014-04-15T06:57:48.708Z", "manager_slug": "default", "user": 1}}, {"pk": 1, "model": "reversion.version", "fields": {"format": "json", "object_repr": "UW Medical Center", "object_id": "1", "content_type": 9, "object_id_int": 1, "serialized_data": "[{\"pk\": 1, \"model\": \"prototype.facility\", \"fields\": {\"name\": \"UW Medical Center\", \"dhis2_pk\": \"1\", \"description\": \"By the UW\"}}]", "revision": 1}}, {"pk": 2, "model": "reversion.version", "fields": {"format": "json", "object_repr": "Hall Health", "object_id": "2", "content_type": 9, "object_id_int": 2, "serialized_data": "[{\"pk\": 2, \"model\": \"prototype.facility\", \"fields\": {\"name\": \"Hall Health\", \"dhis2_pk\": \"2\", \"description\": \"On the UW campus\"}}]", "revision": 2}}, {"pk": 3, "model": "reversion.version", "fields": {"format": "json", "object_repr": "Swedish Medical Center", "object_id": "3", "content_type": 9, "object_id_int": 3, "serialized_data": "[{\"pk\": 3, \"model\": \"prototype.facility\", \"fields\": {\"name\": \"Swedish Medical Center\", \"dhis2_pk\": \"3\", \"description\": \"In Ballard\"}}]", "revision": 3}}, {"pk": 4, "model": "reversion.version", "fields": {"format": "json", "object_repr": "0000000", "object_id": "1", "content_type": 10, "object_id_int": 1, "serialized_data": "[{\"pk\": 1, \"model\": \"prototype.phoneuser\", \"fields\": {\"facility\": null, \"number\": \"0000000\", \"name\": \"\"}}]", "revision": 4}}, {"pk": 5, "model": "reversion.version", "fields": {"format": "json", "object_repr": "11111111", "object_id": "2", "content_type": 10, "object_id_int": 2, "serialized_data": "[{\"pk\": 2, \"model\": \"prototype.phoneuser\", \"fields\": {\"facility\": null, \"number\": \"11111111\", \"name\": \"\"}}]", "revision": 5}}, {"pk": 6, "model": "reversion.version", "fields": {"format": "json", "object_repr": "Jane Smith (22222222)", "object_id": "3", "content_type": 10, "object_id_int": 3, "serialized_data": "[{\"pk\": 3, \"model\": \"prototype.phoneuser\", \"fields\": {\"facility\": 3, \"number\": \"22222222\", \"name\": \"Jane Smith\"}}]", "revision": 6}}, {"pk": 7, "model": "reversion.version", "fields": {"format": "json", "object_repr": "Paul McCarty (44444444)", "object_id": "4", "content_type": 10, "object_id_int": 4, "serialized_data": "[{\"pk\": 4, \"model\": \"prototype.phoneuser\", \"fields\": {\"facility\": 1, \"number\": \"44444444\", \"name\": \"Paul McCarty\"}}]", "revision": 7}}, {"pk": 8, "model": "reversion.version", "fields": {"format": "json", "object_repr": "Ringo Starr (44444444)", "object_id": "4", "content_type": 10, "object_id_int": 4, "serialized_data": "[{\"pk\": 4, \"model\": \"prototype.phoneuser\", \"fields\": {\"facility\": 1, \"number\": \"44444444\", \"name\": \"Ringo Starr\"}}]", "revision": 8}}]